"","Day","Avg_iCO2","StdDev_iCO2"
"1","Aug02",-24.171729420621,0.839299683798585
