"","Sample","Avg_iCO2","StdDev_iCO2","Correction","CorrectedAverage"
"1","col1",-17.3855721960169,0.19469622037947,-0.568270579,-17.9538427750169
"2","col2",-14.7594692882889,0.460389399705785,-0.568270579,-15.3277398672889
"3","col3",-12.8237121483676,0.317133049761959,-0.568270579,-13.3919827273676
"4","col4",-12.6413557817164,0.323829885917945,-0.568270579,-13.2096263607164
"5","col5",-13.7279203911642,0.913316659880482,-0.568270579,-14.2961909701642
"6","col6",-13.7139651700294,0.657641552219454,-0.568270579,-14.2822357490294
"7","col7",-14.2669495968529,0.321323217349734,-0.568270579,-14.8352201758529
"8","col8",-13.7904320773556,0.342149266190115,-0.568270579,-14.3587026563556
