"","Sample","Avg_iCO2","StdDev_iCO2"
"1","ecu3",-23.7971331961587,0.95581887976235
"2","ecu4",-24.5586074885082,0.447793177464121
