"","Sample","Avg_iCH4","StdDev_iCH4"
"1","col1",-46.2947388101024,3.96812171696539
"2","col2",-46.5314411639606,4.13250298289012
"3","col3",-48.4971717386078,4.25299118072479
"4","col4",-46.6172160458529,3.11235194869522
"5","col5",-48.0423652169851,4.58760285774022
"6","col6",-48.4840229807537,4.33113230880549
"7","col7",-49.417382244451,3.38327048307364
"8","ecu3",-47.0423901006589,3.61971354462292
"9","col8",-49.1311979277794,4.582471209676
"10","ecu4",-46.7246439441558,3.19916889641609
