"","Sample","Avg_iCO2","StdDev_iCO2"
"1","ecu3",-20.124580109976,0.478291016054631
