"","Day","Avg_iCO2","StdDev_iCO2"
"1","Aug13",-21.7789746738655,0.551796299227425
