"","Sample","Avg_iCO2","StdDev_iCO2"
"1","ecu1",-21.9557584578667,0.410240436373137
"2","ecu2",-21.7193846343146,0.581869141087818
