"","Day","Avg_iCO2","lowbound","highbound","EcuLinearityAvg","DailyCorrection"
"1","July17",-25.2944372794192,-25.2097332603449,-25.3791412984935,-24.74,0.554437279419201
"2","July23",-24.8524780469525,-24.7754135841593,-24.9295425097457,-24.74,0.1124780469525
"3","July30",-24.7360713679604,-24.5868616514196,-24.8852810845012,-24.74,-0.00392863203959948
"4","Aug02",-24.171729420621,-24.0209867474214,-24.3224720938206,-24.74,-0.568270579379
"5","Aug09",-21.2261883236429,-20.8698626144707,-21.5825140328151,-23.62,-2.3938116763571
"6","Aug13",-24.3540683057132,-24.2424798738203,-24.4656567376061,-23.62,0.734068305713198
