"","Sample","day","CorrectedAverage","StdDev_iCO2","CV","RelativeStdDev"
"11","col1","total",-14.2363481044092,2.33600118387793,-0.164087107644863,16.4087107644863
"1","col2","total",-13.3109625123799,1.59904994454006,-0.12013030185104,12.013030185104
"12","col3","total",-12.5089909977872,1.12227715809649,-0.0897176405590999,8.97176405590999
"13","col4","total",-11.6878569547389,1.332223923727,-0.113983592448644,11.3983592448644
"14","col5","total",-13.5163959744557,1.30872834778739,-0.0968252447072961,9.68252447072961
"15","col6","total",-12.7969940342997,1.70406668365165,-0.133161481445115,13.3161481445115
"16","col7","total",-12.9699305435137,1.31039841126356,-0.101033571989242,10.1033571989242
"17","col8","total",-12.4731132736587,1.2759992466005,-0.102299980654807,10.2299980654807
