"","X","Day","Avg_iCO2","StdDev_iCO2"
"1",1,"July17",-25.2944372794192,0.595945598980011
"2",1,"July23",-24.8524780469525,0.952455655272786
"3",1,"July30",-24.7360713679604,1.06033426110064
"4",1,"Aug02",-24.171729420621,0.839299683798585
"5",1,"Aug09",-23.5122406162308,0.107967090131672
"6",1,"Aug13",-24.3540683057132,0.92018178258328
