"","Day","Bags","Avg_iCO2","StdDev_iCO2"
"1","july17","2",-24.945305976616,0.169290930526949
"2","july23","3",-23.969039373594,1.63415665359477
"3","july30","2",-22.6857729355961,1.42175864808324
"4","aug02","2",-22.9244671836603,0.0659909279423726
"5","aug09","2",-21.6843475122283,1.89862007086991
"6","aug13","2",-22.9782026039338,1.35046661129158
