"","Day","Bags","Avg_iCO2","StdDev_iCO2","EcuLinearityAvg","Correction"
"1","july17","2",-24.945305976616,0.169290930526949,-24.74,-0.205305976616003
"2","july23","3",-23.969039373594,1.63415665359477,-24.74,0.770960626405998
"3","july30","2",-22.6857729355961,1.42175864808324,-24.74,2.0542270644039
"4","aug02","2",-22.9244671836603,0.0659909279423726,-24.74,1.8155328163397
"5","aug09","2",-21.6843475122283,1.89862007086991,-24.74,3.0556524877717
"6","aug13","2",-22.9782026039338,1.35046661129158,-24.74,1.7617973960662
