"","Day","Avg_ico2","stderror","BelowCutoff"
"1","July17","-0.252944372794192","-0.0423520095371706","yes"
"2","July23","-0.248524780469525","-0.0385322313966005","yes"
"3","July30","-0.247360713679604","-0.0746048582703819","yes"
"4","Aug02","-0.24171729420621","-0.0753713365998108","yes"
"5","Aug09","-0.212261883236429","-0.178162854586114","yes"
"6","Aug13","-0.243540683057132","-0.0557942159464707","yes"
