"","Day","Avg_ico2","stderror","BelowCutoff"
"1","july17","-0.24945305976616","-0.00926318758245052","yes"
"2","july23","-0.23969039373594","-0.0556595965014189","yes"
"3","july30","-0.226857729355961","-0.0619327794591525","yes"
"4","aug02","-0.229244671836603","-0.00392275349078345","yes"
"5","aug09","-0.216843475122283","-0.144349410972248","yes"
"6","aug13","-0.229782026039338","-0.0668580598521197","yes"
