"","Day","SampleNumber","Avg_iCO2","stderror","lowbound","highbound"
"1","July17",198,-25.2944372794192,-0.0423520095371706,-25.2097332603449,-25.3791412984935
"2","July23",611,-24.8524780469525,-0.0385322313966005,-24.7754135841593,-24.9295425097457
"3","July30",202,-24.7360713679604,-0.0746048582703819,-24.5868616514196,-24.8852810845012
"4","Aug02",124,-24.171729420621,-0.0753713365998108,-24.0209867474214,-24.3224720938206
"5","Aug09",56,-21.2261883236429,-0.178162854586114,-20.8698626144707,-21.5825140328151
"6","Aug13",272,-24.3540683057132,-0.0557942159464707,-24.2424798738203,-24.4656567376061
