"","X","Day","Avg_iCO2","StdDev_iCO2","SampleNumber","stderror","lowbound","highbound"
"1",1,"July17",-25.2944372794192,0.595945598980011,198,-0.0423520095371706,-25.2097332603449,-25.3791412984935
"2",1,"July23",-24.8524780469525,0.952455655272786,611,-0.0385322313966005,-24.7754135841593,-24.9295425097457
"3",1,"July30",-24.7360713679604,1.06033426110064,202,-0.0746048582703819,-24.5868616514196,-24.8852810845012
"4",1,"Aug02",-24.171729420621,0.839299683798585,124,-0.0753713365998108,-24.0209867474214,-24.3224720938206
"5",1,"Aug09",-21.2261883236429,1.33324872182173,56,-0.178162854586114,-20.8698626144707,-21.5825140328151
"6",1,"Aug13",-24.3540683057132,0.92018178258328,272,-0.0557942159464707,-24.2424798738203,-24.4656567376061
