"","Day","Avg_iCO2","stderror","lowbound","highbound"
"1","july17",-24.945305976616,-0.00926318758245052,-24.9267796014511,-24.9638323517809
"2","july23",-23.969039373594,-0.0556595965014189,-23.8577201805912,-24.0803585665968
"3","july30",-22.6857729355961,-0.0619327794591525,-22.5619073766778,-22.8096384945144
"4","aug02",-22.9244671836603,-0.00392275349078345,-22.9166216766787,-22.9323126906419
"5","aug09",-21.6843475122283,-0.144349410972248,-21.3956486902838,-21.9730463341728
"6","aug13",-22.9782026039338,-0.0668580598521197,-22.8444864842296,-23.111918723638
