"","Day","Avg_iCO2","StdDev_iCO2"
"1","Aug13",-24.3540683057132,0.92018178258328
