"","Sample","Avg_iCO2","StdDev_iCO2","Correction","CorrectedAverage"
"1","col1",-13.9053640818382,0.331390528416945,0.734068306,-13.1712957758382
"2","col2",-11.2926340868222,0.375448896914972,0.734068306,-10.5585657808222
"3","col3",-11.5298942152353,0.430019548337685,0.734068306,-10.7958259092353
"4","col4",-10.4276513836746,0.395754070274617,0.734068306,-9.69358307767463
"5","col5",-13.0290963389412,0.499788026319129,0.734068306,-12.2950280329412
"6","col6",-10.9610838549956,0.500944027001969,0.734068306,-10.2270155489956
"7","col7",-11.8334038243731,0.362596088022976,0.734068306,-11.0993355183731
"8","col8",-11.7542191966866,0.249009121078842,0.734068306,-11.0201508906866
