"","Sample","Avg_iCO2","StdDev_iCO2"
"1","ecu2",-25.3553166991345,1.41539053155261
"2","ecu3",-25.1998786544937,1.68683642350535
