"","Sample","Avg_iCO2","StdDev_iCO2"
"1","ecu2",-25.2763227029664,0.691607463617744
"2","ecu3",-25.3217237933165,0.414868614920759
