"","Sample","Avg_iCO2","StdDev_iCO2"
"1","ecu3",-24.3946098678824,0.979916902203138
"2","ecu4",-24.2324436192059,0.703888157557698
