"","Sample","Avg_iCH4","StdDev_iCH4"
"1","col1",-45.7483228897721,3.69606689868997
"2","col2",-47.3226498676373,3.35252128120162
"3","col3",-48.4789151621569,3.66452320049393
"4","col4",-48.1818241954926,3.7493834001714
"5","col5",-48.6976075254118,3.93472384534106
"6","col6",-47.9251169941961,3.69896682647434
"7","col7",-46.4234044561471,4.15535750651916
"8","col8",-48.6120410215735,3.79639977853441
"9","ecu3",-47.3830345033603,3.76320506131183
"10","ecu4",-48.2686168682279,3.67692393637991
