"","Day","Avg_iCO2","StdDev_iCO2"
"1","Aug09",-21.2261883236429,1.33324872182173
