"","Day","Avg_iCO2","StdDev_iCO2"
"1","Aug09",-23.5122406162308,0.107967090131672
