"","Day","Avg_iCO2","StdDev_iCO2"
"1","July17",-25.2944372794192,0.595945598980011
