"","Sample","Avg_iCO2","StdDev_iCO2","Correction","CorrectedAverage"
"1","col1",-15.9528961001538,0.575007138260547,0.554437279,-15.3984588211538
"2","col2",-14.7693127877654,0.172634607956405,0.554437279,-14.2148755087654
"3","col3",-13.4168116524744,0.686211616190689,0.554437279,-12.8623743734744
"4","col4",-13.7258568246331,0.299323676901463,0.554437279,-13.1714195456331
"5","col5",-15.250549135961,0.344900844351968,0.554437279,-14.696111856961
"6","col6",-14.6677967907727,0.173939694642609,0.554437279,-14.1133595117727
"7","col7",-14.0017348712868,0.30967158356988,0.554437279,-13.4472975922868
