"","Sample","Avg_iCH4","StdDev_iCH4"
"1","col1",-50.2843641634476,3.78866462009467
"2","col2",-51.4380809558054,3.18670905506902
"3","col3",-50.6083261001867,3.31347335628301
"4","col4",-50.358684328233,3.83548904273252
"5","col5",-50.7514689665256,3.94810290639838
"6","col6",-50.0266697333433,2.80505459047593
"7","col7",-49.5500009088431,2.94981170981087
"8","ecu4",-48.0278052382459,3.62523629963873
"9","ecu3",-46.746225342,3.56457403564506
"10","ecu4",-48.0278052382459,3.62523629963873
