"","Day","Avg_iCO2","StdDev_iCO2"
"1","July30",-24.7360713679604,1.06033426110064
