"","Sample","Avg_iCO2","StdDev_iCO2"
"1","ecu2",-25.1271063208477,0.859707586241084
"2","ecu1",-23.5783012133333,0.688045215846208
