"","Sample","Avg_iCO2","StdDev_iCO2","Correction","CorrectedAverage"
"1","col1",-14.1706000183543,0.845460726835301,-0.003928632,-14.1745286503543
"2","col2",-13.6392075614488,1.14699472401229,-0.003928632,-13.6431361934488
"3","col3",-11.4388623397549,0.794101063146391,-0.003928632,-11.4427909717549
"4","col4",-11.4749813821078,0.901457053875089,-0.003928632,-11.4789100141078
"5","col5",-14.2453623242308,0.392986764515673,-0.003928632,-14.2492909562308
"6","col6",-13.3292891235956,0.721294498083153,-0.003928632,-13.3332177555956
"7","col7",-13.5640489696244,0.604981101865108,-0.003928632,-13.5679776016244
"8","col8",-12.9424121652426,0.430257231900465,-0.003928632,-12.9463407972426
"9","col5test",-13.7183277588741,0.739044056626482,-0.003928632,-13.7222563908741
