"","Day","Avg_iCO2","lowbound","highbound","EcuLinearityAvg","DailyCorrection"
"1","july19",-25.1096890449354,-24.9890884573549,-25.2302896325159,-24.74,0.369689044935402
"2","aug02",-24.7324050394948,-24.6364519292517,-24.8283581497379,-24.74,-0.00759496050519815
"3","aug09",-20.124580109976,-20.0505575699489,-20.1986026500031,-23.62,-3.495419890024
"4","Aug13",-21.7789746738655,-21.677808506232,-21.880140841499,-23.62,-1.8410253261345
