"","Day","Avg_ico2","stderror","BelowCutoff"
"1","july19","-0.251096890449354","-0.0603002937902326","yes"
"2","aug02","-0.247324050394948","-0.0479765551215643","yes"
"3","aug09","-0.20124580109976","-0.0370112700135431","yes"
"4","Aug13","-0.217789746738655","-0.050583083816751","yes"
