"","X","Day","Avg_iCO2","StdDev_iCO2","number","stderror","lowbound","highbound"
"1",1,"july19",-25.1096890449354,1.1862464085804,387,-0.0603002937902326,-24.9890884573549,-25.2302896325159
"2",1,"aug02",-24.7324050394948,0.812774387184062,287,-0.0479765551215643,-24.6364519292517,-24.8283581497379
"3",1,"aug09",-20.124580109976,0.478291016054631,167,-0.0370112700135431,-20.0505575699489,-20.1986026500031
"4",1,"Aug13",-21.7789746738655,0.551796299227425,119,-0.050583083816751,-21.677808506232,-21.880140841499
