"","Sample","Day","CorrectedAverage","StdDev_iCO2","CV","RelativeStdDev"
"5","syn14","July18",-13.2365602862242,0.362804177868761,-0.0274092490816021,2.74092490816021
"15","syn14","July31",-15.24952136518,0.301332042876035,-0.0197600984096512,1.97600984096512
"25","syn14","Aug06",-10.9534396002093,0.439712564855115,-0.0401437887005569,4.01437887005569
"34","syn14","Aug12",-12.5134128149163,0.685218966376555,-0.054758759781325,5.4758759781325
"1","Totalsyn14","total",-12.9882335166324,1.78334235819295,-0.137304457600738,13.7304457600738
