"","Sample","Day","CorrectedAverage","StdDev_iCO2","CV","RelativeStdDev"
"4","syn11","July18",-14.5952481815655,0.284650173525752,-0.0195029347897817,1.95029347897817
"14","syn11","July31",-15.6530241047129,0.354790286913195,-0.0226659260561908,2.26659260561908
"24","syn11","Aug06",-12.5240855874605,0.76133922203422,-0.0607900047246959,6.07900047246959
"33","syn11","Aug12",-16.0556336316825,0.821856664261997,-0.0511880554274875,5.11880554274875
"1","Totalsyn11","total",-14.7069978763554,1.58022973863307,-0.107447471735454,10.7447471735454
