"","Sample","Day","CorrectedAverage","StdDev_iCO2","CV","RelativeStdDev"
"1","syn1","July18",-14.8230260519552,0.488041723550058,-0.0329245676179382,3.29245676179382
"11","syn1","July31",-15.262094209929,0.562947723965333,-0.0368853524439063,3.68853524439063
"21","syn1","Aug06",-13.7637148906765,0.223039610124963,-0.0162048990331854,1.62048990331854
"30","syn1","Aug12",-16.5781813134943,0.472378553305316,-0.0284939912510674,2.84939912510674
"12","Totalsyn1","total",-15.1067541165138,1.16525884354678,-0.077134957950563,7.71349579505631
