"","Sample","Day","CorrectedAverage","StdDev_iCO2","CV","RelativeStdDev"
"8","syn23","July18",-15.1270854252279,0.286086678494429,-0.0189122141147768,1.89122141147768
"18","syn23","July31",-15.4872976186338,0.381802009138297,-0.0246525906933515,2.46525906933515
"28","syn23","Aug06",-14.232436030187,0.792042544519021,-0.0556505255206557,5.56505255206557
"37","syn23","Aug12",-16.0184743121757,0.122639509423867,-0.00765612923139929,0.765612923139929
"1","Totalsyn23","total",-15.2163233465561,0.75119258198491,-0.0493675485776876,4.93675485776876
