"","Sample","Day","CorrectedAverage","StdDev_iCO2","CV","RelativeStdDev"
"7","syn20","July18",-16.0989582414646,0.209620359812965,-0.0130207406385505,1.30207406385505
"17","syn20","July31",-13.0054693290392,0.420074460971847,-0.0322998309667984,3.22998309667984
"27","syn20","Aug06",-14.0240579895303,0.321941602223029,-0.022956379848356,2.2956379848356
"36","syn20","Aug12",-15.4999941249359,0.333650413080542,-0.0215258412610477,2.15258412610477
"1","Totalsyn20","total",-14.6571199212425,1.40452266541832,-0.0958252830682482,9.58252830682482
