"","Sample","Day","CorrectedAverage","StdDev_iCO2","CV","RelativeStdDev"
"9","syn29","July18",-13.5533523125876,0.614059021933183,-0.0453067999540512,4.53067999540511
"19","syn29","July31",-15.176215817522,0.243801488539305,-0.0160647088490808,1.60647088490808
"29","syn29","Aug06",-12.1043403107865,0.335922094734685,-0.0277522017813177,2.77522017813177
"38","syn29","Aug12",-17.1768804100085,0.177351467410682,-0.0103250103148732,1.03250103148732
"1","Totalsyn29","total",-14.5026972127262,2.18008062940602,-0.150322426058305,15.0322426058305
