"","Sample","Day","CorrectedAverage","StdDev_iCO2","CV","RelativeStdDev"
"10","syn35","July18",-13.4479228852468,0.312622722306467,-0.0232469151536728,2.32469151536728
"20","syn35","July31",-15.1472442157097,0.24042194008646,-0.0158723221638634,1.58723221638634
"39","syn35","Aug12",-16.4574171111531,0.336995478215512,-0.0204768145535506,2.04768145535506
"1","Totalsyn35","total",-15.0175280707032,1.50893458527775,-0.100478226388099,10.0478226388099
