"","Sample","Day","CorrectedAverage","StdDev_iCO2","CV","RelativeStdDev"
"10","syn34","July18",-13.4479228852468,0.312622722306467,-0.0232469151536728,2.32469151536728
"1","Total","total",-13.4479228852468,NA,NA,NA
