"","Sample","Day","CorrectedAverage","StdDev_iCO2","CV","RelativeStdDev"
"2","syn5","July18",-12.6163408715302,0.357793207395362,-0.0283595070106858,2.83595070106858
"12","syn5","July31",-14.2970577532887,0.39461855923585,-0.0276013824694159,2.76013824694159
"22","syn5","Aug06",-12.1481021236552,0.321764708691578,-0.0264868294171669,2.64868294171669
"31","syn5","Aug12",-16.6537283008607,0.300156693557076,-0.0180233932086885,1.80233932086885
"1","Totalsyn5","total",-13.9288072623337,2.03750516630841,-0.146279945434972,14.6279945434972
