"","Sample","Day","CorrectedAverage","StdDev_iCO2","CV","RelativeStdDev"
"3","syn8","July18",-14.1186735815449,0.215290164387248,-0.0152486112200131,1.52486112200131
"13","syn8","July31",-16.0032706154323,0.433192538010773,-0.0270690003575292,2.70690003575292
"23","syn8","Aug06",-13.5571521796529,0.405892405167071,-0.0299393559789238,2.99393559789238
"32","syn8","Aug12",-15.7525784562394,0.767890788288839,-0.0487469902417586,4.87469902417586
"1","Totalsyn8","total",-14.8579187082174,1.20425965849485,-0.0810517059720359,8.10517059720359
