"","Sample","Day","CorrectedAverage","StdDev_iCO2","CV","RelativeStdDev"
"6","synBW","July18",-13.5997854836778,0.235504761321452,-0.0173167997101204,1.73167997101204
"16","synBW","July31",-13.958495591814,0.773103703725004,-0.0553858901655844,5.53858901655844
"26","synBW","Aug06",-12.0359171545888,0.539543803914877,-0.0448278097119646,4.48278097119646
"35","synBW","Aug12",-13.2157344506957,1.61203756764722,-0.121978659124946,12.1978659124946
"1","TotalsynBW","total",-13.2024831701941,0.834756606271801,-0.0632272425960252,6.32272425960252
