"","Day","Avg_iCO2","StdDev_iCO2"
"1","july19",-25.1096890449354,1.1862464085804
