"","Sample","Avg_iCO2","StdDev_iCO2"
"1","ecu1",-24.0883887198358,0.518925233809398
"2","ecu2",-26.2133522994785,0.53574693787812
