"","Day","Avg_iCO2","StdDev_iCO2"
"1","aug02",-24.7324050394948,0.812774387184062
