"","Sample","Avg_iCO2","StdDev_iCO2"
"1","ecu1",-24.4018697859253,0.710674058723606
"2","ecu2",-25.241370828177,0.688655365265852
