"","Sample","Avg_iCO2","StdDev_iCO2"
"1","ecu1",-24.4018697859253,0.711700303386338
"2","ecu2",-25.241370828177,0.690190830639771
