"","Day","Avg_iCO2","StdDev_iCO2"
"1","July23",-24.8524780469525,0.952455655272786
