"","Sample","Avg_iCO2","StdDev_iCO2","Correction","CorrectedAverage"
"1","col1",-11.0698587555215,0.812187576836472,0.112478047,-10.9573807085215
"2","col2",-12.9621463258649,0.636756476245613,0.112478047,-12.8496682788649
"3","col3",-13.6487468602794,0.31862192749657,0.112478047,-13.5362688132794
"4","col4",-11.3130108313603,0.486077353751005,0.112478047,-11.2005327843603
"5","col5",-14.2073544269594,0.797618213409648,0.112478047,-14.0948763799594
"6","col6",-13.8281070596716,0.415800951022996,0.112478047,-13.7156290126716
"7","col7",-13.021265041363,0.5733564519574,0.112478047,-12.908786994363
"8","col8",-12.4581781178805,0.367149208847911,0.112478047,-12.3457000708805
