,Fecha,Valor,Max.absoluto,Min.absoluto,Max.promedio,Min.promedio,RelHumid,pH2OkiloPascal,pH2Oatm,pAir(Kpa),pAir- pH2O (kPa),pAir-pH2O (atm)
419,7/18/2019 10:00,99.18233333,99.48,98.934,99.393,99.055,0.991823333,0.912200024,0.009002712,62.5308,61.61859998,0.608128135
420,7/18/2019 11:00,99.05275,99.347,98.655,99.236,98.945,0.9905275,0.911386992,0.008994688,62.541,61.62961301,0.608236826
421,7/18/2019 12:00,99.19533333,99.379,98.865,99.24,99.118,0.991953333,0.913078361,0.00901138,62.5397,61.62662164,0.608207303
422,7/18/2019 13:00,99.09083333,99.391,98.521,99.279,98.644,0.990908333,0.912432441,0.009005006,62.508,61.59556756,0.607900823
423,7/18/2019 14:00,96.42358333,99.092,92.423,98.856,93.38,0.964235833,0.887810791,0.008762009,62.4634,61.57558921,0.607703652
424,7/18/2019 15:00,94.46566667,95.613,92.733,95.017,93.793,0.944656667,0.903547876,0.008917322,62.4057,61.50215212,0.606978885
425,7/18/2019 16:00,93.506,96.088,88.175,95.617,89.416,0.93506,0.864173365,0.008528726,62.3717,61.50752664,0.607031927
426,7/18/2019 17:00,95.89675,96.987,94.817,96.424,95.34,0.9589675,0.884000385,0.008724403,62.4114,61.52739962,0.607228058
