"","Sample","Avg_iCO2","StdDev_iCO2","Correction","CorrectedAverage"
"1","col1",-13.6548225115704,0.398578262848811,-2.393811676,-16.0486341875704
"2","col2",-13.1640300610889,0.508702576969768,-2.393811676,-15.5578417370889
"3","col3",-12.9169438076119,0.305937079231615,-2.393811676,-15.3107554836119
"4","col4",-11.2653105619412,0.846712189828766,-2.393811676,-13.6591222379412
"5","col5",-11.3591182664776,0.649965529532564,-2.393811676,-13.7529299424776
"6","col6",-11.0027472437333,0.55153128410625,-2.393811676,-13.3965589197333
"7","col7",-11.8532059945821,0.641971006376,-2.393811676,-14.2470176705821
"8","col8",-11.5869125691281,0.421810580222271,-2.393811676,-13.9807242451281
