"","Sample","Avg_iCO2","StdDev_iCO2","Correction","CorrectedAverage"
"1","col1",-13.6548225115704,0.398578262848811,-0.107759384,-13.7625818955704
"2","col2",-13.1640300610889,0.508702576969768,-0.107759384,-13.2717894450889
"3","col3",-12.9169438076119,0.305937079231615,-0.107759384,-13.0247031916119
"4","col4",-11.2653105619412,0.846712189828766,-0.107759384,-11.3730699459412
"5","col5",-11.3591182664776,0.649965529532564,-0.107759384,-11.4668776504776
"6","col6",-11.0027472437333,0.55153128410625,-0.107759384,-11.1105066277333
"7","col7",-11.8532059945821,0.641971006376,-0.107759384,-11.9609653785821
"8","col8",-11.5869125691281,0.421810580222271,-0.107759384,-11.6946719531281
