"","Sample","Avg_iCO2","StdDev_iCO2"
"1","ecu1",-20.535056235186,0.466687833768286
"2","ecu2",-23.5122406162308,0.107967090131672
