"","Sample","Avg_iCH4","StdDev_iCH4"
"1","col1",-48.7232336744118,4.37451465241456
"2","col2",-50.415486122335,4.36260041621764
"3","col3",-48.8046088869412,3.57089369317359
"4","col4",-49.7857037214359,3.50728946482958
"5","col5",-48.2293931822074,4.42350938646363
"6","col6",-48.5192230861832,3.75385531892444
"7","col7",-48.3015095035441,4.6037248167514
"8","col8",-48.5466023326471,3.49843381734381
